FirstName,LastName,Name
Susan,Kemp,Susan Kemp
Ardit,Basha,Ardit Basha
Dritan,Kodra,Dritan Kodra
Daniel,Sebsibe,Daniel Sebsibe
Arnaud,Lopes,Arnaud Lopes
Colette,Lichtenberg,Colette Lichtenberg
Elize,Rigter,Elize Rigter
Peter,Westerink,Peter Westerink
Julia,Steen,Julia Steen
Hessel,Wanders,Hessel Wanders
Frank,Laamers,Frank Laamers
Gabriel,Woods,Gabriel Woods
Courtney,Lynch,Courtney Lynch
Jennifer,Wilkins,Jennifer Wilkins
Hayden,Lopez,Hayden Lopez
Archie,Boyle,Archie Boyle
Hannah,Haynes,Hannah Haynes
Libby,Harrison,Libby Harrison
Evan,Lewis,Evan Lewis
William,Kirby,William Kirby
Riley,Johnson,Riley Johnson
Hollie,Rees,Hollie Rees
Sonia,Rees,Sonia Rees
Parker,Jones,Parker Jones
Ethan,Brooks,Ethan Brooks
Grace,Owens,Grace Owens
